<schemalist>
    <schema id="org.gnome.shell.extensions.add-text-to-work-space-indicators" path="/org/gnome/shell/extensions/add-text-to-work-space-indicators/">

        <key name="hide-work-space-indicators" type="b">
            <default>false</default>
            <summary>hide indicators</summary>
            <description>Description</description>
        </key>

        <key name="show-custom-text" type="b">
            <default>true</default>
            <summary>show/hide custom text</summary>
            <description>Description</description>
        </key>

        <key name="show-custom-indicators" type="b">
            <default>true</default>
            <summary>show/hide custom indicators</summary>
            <description>Description</description>
        </key>

        <key name="custom-text" type="s">
            <default>''</default>
            <summary>custom text</summary>
            <description>Description</description>
        </key>

    </schema>
</schemalist>